{
  "01/03/2017": {
    "00:00": 0,
    "01:00": 0,
    "02:00": 0,
    "03:00": 0,
    "04:00": 0,
    "05:00": 0,
    "06:00": 0,
    "07:00": 0,
    "08:00": 0,
    "09:00": 1,
    "10:00": 4,
    "11:00": 7,
    "12:00": 9,
    "13:00": 11,
    "14:00": 11,
    "15:00": 9,
    "16:00": 6,
    "17:00": 4,
    "18:00": 1,
    "19:00": 0,
    "20:00": 0,
    "21:00": 0,
    "22:00": 0,
    "23:00": 0
  },
  "01/04/2017": {
    "00:00": 0,
    "01:00": 0,
    "02:00": 0,
    "03:00": 0,
    "04:00": 0,
    "05:00": 0,
    "06:00": 0,
    "07:00": 0,
    "08:00": 0,
    "09:00": 1,
    "10:00": 4,
    "11:00": 7,
    "12:00": 9,
    "13:00": 11,
    "14:00": 10,
    "15:00": 9,
    "16:00": 4,
    "17:00": 1,
    "18:00": 0,
    "19:00": 0,
    "20:00": 0,
    "21:00": 0,
    "22:00": 0,
    "23:00": 0
  },
  "01/05/2017": {
    "00:00": 0,
    "01:00": 0,
    "02:00": 0,
    "03:00": 0,
    "04:00": 0,
    "05:00": 0,
    "06:00": 0,
    "07:00": 0,
    "08:00": 0,
    "09:00": 1,
    "10:00": 4,
    "11:00": 7,
    "12:00": 9,
    "13:00": 11,
    "14:00": 11,
    "15:00": 9,
    "16:00": 6,
    "17:00": 4,
    "18:00": 1,
    "19:00": 0,
    "20:00": 0,
    "21:00": 0,
    "22:00": 0,
    "23:00": 0
  },
  "01/06/2017": {
    "00:00": 0,
    "01:00": 0,
    "02:00": 0,
    "03:00": 0,
    "04:00": 0,
    "05:00": 0,
    "06:00": 0,
    "07:00": 0,
    "08:00": 0,
    "09:00": 1,
    "10:00": 4,
    "11:00": 7,
    "12:00": 9,
    "13:00": 11,
    "14:00": 10,
    "15:00": 9,
    "16:00": 4,
    "17:00": 1,
    "18:00": 0,
    "19:00": 0,
    "20:00": 0,
    "21:00": 0,
    "22:00": 0,
    "23:00": 0
  },
  "01/07/2017": {
    "00:00": 0,
    "01:00": 0,
    "02:00": 0,
    "03:00": 0,
    "04:00": 0,
    "05:00": 0,
    "06:00": 0,
    "07:00": 0,
    "08:00": 0,
    "09:00": 1,
    "10:00": 4,
    "11:00": 7,
    "12:00": 9,
    "13:00": 11,
    "14:00": 11,
    "15:00": 9,
    "16:00": 6,
    "17:00": 4,
    "18:00": 1,
    "19:00": 0,
    "20:00": 0,
    "21:00": 0,
    "22:00": 0,
    "23:00": 0
  },
  "01/08/2017": {
    "00:00": 0,
    "01:00": 0,
    "02:00": 0,
    "03:00": 0,
    "04:00": 0,
    "05:00": 0,
    "06:00": 0,
    "07:00": 0,
    "08:00": 0,
    "09:00": 1,
    "10:00": 4,
    "11:00": 7,
    "12:00": 9,
    "13:00": 11,
    "14:00": 10,
    "15:00": 9,
    "16:00": 4,
    "17:00": 1,
    "18:00": 0,
    "19:00": 0,
    "20:00": 0,
    "21:00": 0,
    "22:00": 0,
    "23:00": 0
  },
  "01/09/2017": {
    "00:00": 0,
    "01:00": 0,
    "02:00": 0,
    "03:00": 0,
    "04:00": 0,
    "05:00": 0,
    "06:00": 0,
    "07:00": 0,
    "08:00": 0,
    "09:00": 1,
    "10:00": 4,
    "11:00": 7,
    "12:00": 9,
    "13:00": 11,
    "14:00": 10,
    "15:00": 9,
    "16:00": 4,
    "17:00": 1,
    "18:00": 0,
    "19:00": 0,
    "20:00": 0,
    "21:00": 0,
    "22:00": 0,
    "23:00": 0
  },
  "01/10/2017": {
    "00:00": 0
  }
}
